Symbol,Yahoo Finance Status,Google Response,Bing Response
VH,Valid symbol. Company: N/A,No information found on Google,No information found on Bing
VCC,Valid symbol. Company: N/A,No information found on Google,No information found on Bing
CBV,Valid symbol. Company: N/A,No information found on Google,No information found on Bing
IL,Valid symbol. Company: N/A,No information found on Google,No information found on Bing
SC,Valid symbol. Company: N/A,No information found on Google,No information found on Bing
CO,Valid symbol. Company: N/A,No information found on Google,No information found on Bing
XK,Valid symbol. Company: N/A,No information found on Google,No information found on Bing
JME,Valid symbol. Company: N/A,No information found on Google,No information found on Bing
PZ,Valid symbol. Company: N/A,No information found on Google,No information found on Bing
JA,Valid symbol. Company: N/A,No information found on Google,No information found on Bing
LS,Valid symbol. Company: N/A,No information found on Google,No information found on Bing
YG,Valid symbol. Company: N/A,No information found on Google,No information found on Bing
YJG,Valid symbol. Company: N/A,No information found on Google,No information found on Bing
JEO,Valid symbol. Company: N/A,No information found on Google,No information found on Bing
MCG,Valid symbol. Company: N/A,No information found on Google,No information found on Bing
KXB,Valid symbol. Company: N/A,No information found on Google,No information found on Bing
ZW,Valid symbol. Company: N/A,No information found on Google,No information found on Bing
DBA,Valid symbol. Company: Invesco DB Agriculture Fund,No information found on Google,No information found on Bing
VYF,Valid symbol. Company: N/A,No information found on Google,No information found on Bing
FJU,Valid symbol. Company: N/A,No information found on Google,No information found on Bing
UWU,Valid symbol. Company: N/A,No information found on Google,No information found on Bing
BWOW,Valid symbol. Company: N/A,No information found on Google,No information found on Bing
JBA,Valid symbol. Company: N/A,No information found on Google,No information found on Bing
WTN,Valid symbol. Company: N/A,No information found on Google,No information found on Bing
CCT,Valid symbol. Company: N/A,No information found on Google,No information found on Bing
CWR,Valid symbol. Company: N/A,No information found on Google,No information found on Bing
SRH,Valid symbol. Company: N/A,No information found on Google,No information found on Bing
WX,Valid symbol. Company: N/A,No information found on Google,No information found on Bing
HAF,Valid symbol. Company: N/A,No information found on Google,No information found on Bing
GQM,Valid symbol. Company: N/A,No information found on Google,No information found on Bing
ZBJ,Valid symbol. Company: N/A,No information found on Google,No information found on Bing
BLL,Valid symbol. Company: N/A,No information found on Google,No information found on Bing
TDB,Valid symbol. Company: N/A,No information found on Google,No information found on Bing
OAQ,Valid symbol. Company: N/A,No information found on Google,No information found on Bing
HU,Valid symbol. Company: N/A,No information found on Google,No information found on Bing
FKH,Valid symbol. Company: N/A,No information found on Google,No information found on Bing
XH,Valid symbol. Company: N/A,No information found on Google,No information found on Bing
LTW,Valid symbol. Company: N/A,No information found on Google,No information found on Bing
YLK,Valid symbol. Company: N/A,No information found on Google,No information found on Bing
PHC,Valid symbol. Company: N/A,No information found on Google,No information found on Bing
FB,Valid symbol. Company: N/A,No information found on Google,No information found on Bing
